Date,Volume,Sentiment,y
2008-08-08,212830000,0,11734.320312
2008-08-11,183190000,1,11782.349609
2008-08-12,173590000,0,11642.469727
2008-08-13,182550000,0,11532.959961
2008-08-14,159790000,1,11615.929688
2008-08-15,215040000,1,11659.900391
2008-08-18,156290000,0,11479.389648
2008-08-19,171580000,0,11348.549805
2008-08-20,144880000,1,11417.429688
2008-08-21,130020000,1,11430.209961
2008-08-22,138790000,1,11628.05957
2008-08-25,148610000,0,11386.25
2008-08-26,119800000,1,11412.870117
2008-08-27,120580000,1,11502.509766
2008-08-28,149150000,1,11715.179688
2008-08-29,166910000,0,11543.959961
2008-09-02,177090000,0,11516.919922
2008-09-03,174250000,1,11532.879883
2008-09-04,229200000,0,11188.230469
2008-09-05,198300000,1,11220.959961
2008-09-08,273000000,1,11510.740234
2008-09-09,257300000,0,11230.730469
2008-09-10,214260000,1,11268.919922
2008-09-11,247820000,1,11433.709961
2008-09-12,238890000,0,11421.990234
2008-09-15,432970000,0,10917.509766
2008-09-16,494760000,1,11059.019531
2008-09-17,463200000,0,10609.660156
2008-09-18,488060000,1,11019.69043
2008-09-19,655110000,1,11388.44043
2008-09-22,213210000,0,11015.69043
2008-09-23,204480000,0,10854.169922
2008-09-24,183630000,0,10825.169922
2008-09-25,218530000,1,11022.05957
2008-09-26,232560000,1,11143.129883
2008-09-29,385940000,0,10365.450195
2008-09-30,319770000,1,10850.660156
2008-10-01,256670000,0,10831.070312
2008-10-02,395330000,0,10482.849609
2008-10-03,299690000,0,10325.379883
2008-10-06,391460000,0,9955.5
2008-10-07,362520000,0,9447.110352
2008-10-08,479270000,0,9258.099609
2008-10-09,436740000,0,8579.19043
2008-10-10,674920000,0,8451.19043
2008-10-13,399290000,1,9387.610352
2008-10-14,412740000,0,9310.990234
2008-10-15,374350000,0,8577.910156
2008-10-16,422450000,1,8979.259766
2008-10-17,360600000,0,8852.219727
2008-10-20,241400000,1,9265.429688
2008-10-21,231160000,0,9033.660156
2008-10-22,348840000,0,8519.209961
2008-10-23,340740000,1,8691.25
2008-10-24,335680000,0,8378.950195
2008-10-27,281180000,0,8175.77002
2008-10-28,372160000,1,9065.120117
2008-10-29,316230000,0,8990.959961
2008-10-30,267210000,1,9180.69043
2008-10-31,310950000,1,9325.009766
2008-11-03,180970000,0,9319.830078
2008-11-04,254930000,1,9625.280273
2008-11-05,264640000,0,9139.269531
2008-11-06,344350000,0,8695.790039
2008-11-07,246300000,1,8943.80957
2008-11-10,221230000,0,8870.540039
2008-11-11,257270000,0,8693.959961
2008-11-12,314660000,0,8282.660156
2008-11-13,476600000,1,8835.25
2008-11-14,304370000,0,8497.30957
2008-11-17,278220000,0,8273.580078
2008-11-18,366390000,1,8424.75
2008-11-19,350470000,0,7997.279785
2008-11-20,528130000,0,7552.290039
2008-11-21,569010000,1,8046.419922
2008-11-24,491890000,1,8443.389648
2008-11-25,374020000,1,8479.469727
2008-11-26,283920000,1,8726.610352
2008-11-28,155510000,1,8829.040039
2008-12-01,321010000,0,8149.089844
2008-12-02,307520000,1,8419.089844
2008-12-03,294680000,1,8591.69043
2008-12-04,280880000,0,8376.240234
2008-12-05,346370000,1,8635.419922
2008-12-08,358970000,1,8934.179688
2008-12-09,284950000,0,8691.330078
2008-12-10,232830000,1,8761.419922
2008-12-11,290540000,0,8565.089844
2008-12-12,271030000,1,8629.679688
2008-12-15,229940000,0,8564.530273
2008-12-16,337190000,1,8924.139648
2008-12-17,239260000,0,8824.339844
2008-12-18,274080000,0,8604.990234
2008-12-19,550150000,0,8579.110352
2008-12-22,211090000,0,8519.69043
2008-12-23,174640000,0,8419.490234
2008-12-24,66930000,1,8468.480469
2008-12-26,86760000,1,8515.549805
2008-12-29,153730000,0,8483.929688
2008-12-30,162560000,1,8668.389648
2008-12-31,226760000,1,8776.389648
2009-01-02,213700000,1,9034.69043
2009-01-05,233760000,0,8952.889648
2009-01-06,215410000,1,9015.099609
2009-01-07,266710000,0,8769.700195
2009-01-08,226620000,0,8742.459961
2009-01-09,204300000,0,8599.179688
2009-01-12,273550000,0,8473.969727
2009-01-13,304050000,0,8448.55957
2009-01-14,355050000,0,8200.139648
2009-01-15,436660000,1,8212.490234
2009-01-16,439360000,1,8281.219727
2009-01-20,419200000,0,7949.089844
2009-01-21,410040000,1,8228.099609
2009-01-22,420040000,0,8122.799805
2009-01-23,370510000,0,8077.560059
2009-01-26,316720000,1,8116.029785
2009-01-27,247750000,1,8174.72998
2009-01-28,357940000,1,8375.450195
2009-01-29,247450000,0,8149.009765999999
2009-01-30,303160000,0,8000.859863
2009-02-02,293890000,0,7936.75
2009-02-03,313090000,1,8078.359863
2009-02-04,345520000,0,7956.660156
2009-02-05,390980000,1,8063.069823999999
2009-02-06,396380000,1,8280.589844
2009-02-09,289280000,0,8270.870117
2009-02-10,449890000,0,7888.879883
2009-02-11,270280000,1,7939.529785
2009-02-12,331960000,0,7932.759765999999
2009-02-13,251960000,0,7850.410156
2009-02-17,332850000,0,7552.600098000001
2009-02-18,268220000,1,7555.629883
2009-02-19,301480000,0,7465.950195
2009-02-20,584900000,0,7365.669922
2009-02-23,406150000,0,7114.779785
2009-02-24,468010000,1,7350.939941
2009-02-25,450270000,0,7270.890137
2009-02-26,321300000,0,7182.080078
2009-02-27,667950000,0,7062.930176000001
2009-03-02,568670000,0,6763.290039
2009-03-03,445280000,0,6726.02002
2009-03-04,464830000,1,6875.839844
2009-03-05,509770000,0,6594.439941
2009-03-06,425170000,1,6626.939941
2009-03-09,365990000,0,6547.049805
2009-03-10,640020000,1,6926.490234000001
2009-03-11,524430000,1,6930.399901999999
2009-03-12,488690000,1,7170.060059
2009-03-13,479010000,1,7223.97998
2009-03-16,586970000,0,7216.970215
2009-03-17,391880000,1,7395.700195
2009-03-18,584110000,1,7486.580078
2009-03-19,559920000,0,7400.799805
2009-03-20,672950000,0,7278.379883
2009-03-23,515600000,1,7775.859863
2009-03-24,379670000,0,7659.970215
2009-03-25,454090000,1,7749.810059
2009-03-26,397260000,1,7924.560059
2009-03-27,323650000,0,7776.180176000001
2009-03-30,383260000,0,7522.02002
2009-03-31,399840000,1,7608.919922
2009-04-01,361340000,1,7761.600098000001
2009-04-02,442820000,1,7978.080078
2009-04-03,308210000,1,8017.589844
2009-04-06,247400000,0,7975.850098000001
2009-04-07,276920000,0,7789.560059
2009-04-08,255350000,1,7837.109863
2009-04-09,462060000,1,8083.379883
2009-04-13,424250000,0,8057.810059
2009-04-14,513010000,0,7920.180176000001
2009-04-15,413280000,1,8029.620117
2009-04-16,359470000,1,8125.430176000001
2009-04-17,537670000,1,8131.330078
2009-04-20,453660000,0,7841.72998
2009-04-21,424030000,1,7969.560059
2009-04-22,387030000,0,7886.569823999999
2009-04-23,327240000,1,7957.060059
2009-04-24,402720000,1,8076.290039
2009-04-27,282990000,0,8025.0
2009-04-28,274710000,0,8016.950195
2009-04-29,300340000,1,8185.72998
2009-04-30,341400000,0,8168.120117
2009-05-01,237360000,1,8212.410156
2009-05-04,354490000,1,8426.740234
2009-05-05,311490000,0,8410.650391
2009-05-06,454480000,1,8512.280273
2009-05-07,476640000,0,8409.849609
2009-05-08,428420000,1,8574.650391
2009-05-11,332630000,0,8418.769531
2009-05-12,334840000,1,8469.110352
2009-05-13,336930000,0,8284.889648
2009-05-14,323800000,1,8331.320312
2009-05-15,308820000,0,8268.639648
2009-05-18,288280000,1,8504.080078
2009-05-19,277710000,0,8474.849609
2009-05-20,468640000,0,8422.040039
2009-05-21,302280000,0,8292.129883
2009-05-22,244190000,0,8277.320312
2009-05-26,314760000,1,8473.490234
2009-05-27,285990000,0,8300.019531
2009-05-28,290730000,1,8403.799805
2009-05-29,361910000,1,8500.330078
2009-06-01,354830000,1,8721.44043
2009-06-02,257560000,1,8740.870117
2009-06-03,252160000,0,8675.240234
2009-06-04,237800000,1,8750.240234
2009-06-05,254970000,1,8763.129883
2009-06-08,189630000,1,8764.490234
2009-06-09,187930000,0,8763.05957
2009-06-10,219920000,0,8739.019531
2009-06-11,249900000,1,8770.919922
2009-06-12,164020000,1,8799.259766
2009-06-15,230220000,0,8612.129883
2009-06-16,240690000,0,8504.669922
2009-06-17,237870000,0,8497.179688
2009-06-18,220050000,1,8555.599609
2009-06-19,528710000,0,8539.730469
2009-06-22,291240000,0,8339.009766
2009-06-23,237150000,0,8322.910156
2009-06-24,189430000,0,8299.860352
2009-06-25,222540000,1,8472.400391
2009-06-26,307640000,0,8438.389648
2009-06-29,216480000,1,8529.379883
2009-06-30,233340000,0,8447.0
2009-07-01,184600000,1,8504.05957
2009-07-02,157800000,0,8280.740234
2009-07-06,206900000,1,8324.870117
2009-07-07,210880000,0,8163.600098000001
2009-07-08,325250000,1,8178.410156
2009-07-09,192660000,1,8183.169922
2009-07-10,174260000,0,8146.52002
2009-07-13,253520000,1,8331.679688
2009-07-14,189170000,1,8359.490234
2009-07-15,305000000,1,8616.209961
2009-07-16,216580000,1,8711.820312
2009-07-17,301410000,1,8743.94043
2009-07-20,213730000,1,8848.150391
2009-07-21,218910000,1,8915.94043
2009-07-22,199010000,0,8881.259766
2009-07-23,274760000,1,9069.290039
2009-07-24,214310000,1,9093.240234
2009-07-27,176830000,1,9108.509766
2009-07-28,198270000,0,9096.719727
2009-07-29,190510000,0,9070.719727
2009-07-30,232410000,1,9154.459961
2009-07-31,265570000,1,9171.610352
2009-08-03,221690000,1,9286.55957
2009-08-04,195990000,1,9320.19043
2009-08-05,236610000,0,9280.969727
2009-08-06,244450000,0,9256.259766
2009-08-07,216600000,1,9370.070312
2009-08-10,161370000,0,9337.950195
2009-08-11,171380000,0,9241.450195
2009-08-12,197420000,1,9361.610352
2009-08-13,145620000,1,9398.19043
2009-08-14,172780000,0,9321.400391
2009-08-17,207100000,0,9135.339844
2009-08-18,158530000,1,9217.94043
2009-08-19,176910000,1,9279.160156
2009-08-20,151740000,1,9350.049805
2009-08-21,293530000,1,9505.959961
2009-08-24,190590000,1,9509.280273
2009-08-25,173890000,1,9539.290039
2009-08-26,154660000,1,9543.519531
2009-08-27,163980000,1,9580.629883
2009-08-28,205770000,0,9544.200195
2009-08-31,201600000,0,9496.280273
2009-09-01,267680000,0,9310.599609
2009-09-02,175200000,0,9280.669922
2009-09-03,168750000,1,9344.610352
2009-09-04,152400000,1,9441.269531
2009-09-08,202370000,1,9497.339844
2009-09-09,190820000,1,9547.219727
2009-09-10,234130000,1,9627.480469
2009-09-11,196760000,0,9605.410156
2009-09-14,196480000,1,9626.799805
2009-09-15,224030000,1,9683.410156
2009-09-16,241270000,1,9791.709961
2009-09-17,225470000,0,9783.919922
2009-09-18,424930000,1,9820.200195
2009-09-21,172830000,0,9778.860352
2009-09-22,194620000,1,9829.870117
2009-09-23,233330000,0,9748.549805
2009-09-24,201890000,0,9707.44043
2009-09-25,189350000,0,9665.19043
2009-09-28,163780000,1,9789.360352
2009-09-29,154000000,0,9742.200195
2009-09-30,268390000,0,9712.280273
2009-10-01,266990000,0,9509.280273
2009-10-02,219750000,0,9487.669922
2009-10-05,173850000,1,9599.75
2009-10-06,206020000,1,9731.25
2009-10-07,167650000,0,9725.580078
2009-10-08,209580000,1,9786.870117
2009-10-09,161120000,1,9864.94043
2009-10-12,158850000,1,9885.799805
2009-10-13,211510000,0,9871.05957
2009-10-14,284810000,1,10015.860352
2009-10-15,252480000,1,10062.94043
2009-10-16,307770000,0,9995.910156
2009-10-19,186240000,1,10092.19043
2009-10-20,214500000,0,10041.480469
2009-10-21,251050000,0,9949.360352
2009-10-22,231900000,1,10081.30957
2009-10-23,305670000,0,9972.179688
2009-10-26,270050000,0,9867.959961
2009-10-27,237060000,1,9882.169922
2009-10-28,257370000,0,9762.69043
2009-10-29,248950000,1,9962.580078
2009-10-30,327980000,0,9712.730469
2009-11-02,242460000,1,9789.44043
2009-11-03,231520000,0,9771.910156
2009-11-04,224130000,1,9802.139648
2009-11-05,211040000,1,10005.959961
2009-11-06,181010000,1,10023.419922
2009-11-09,227470000,1,10226.94043
2009-11-10,193950000,1,10246.969727
2009-11-11,166920000,1,10291.259766
2009-11-12,183810000,0,10197.469727
2009-11-13,167280000,1,10270.469727
2009-11-16,202570000,1,10406.959961
2009-11-17,158320000,1,10437.419922
2009-11-18,166340000,0,10426.30957
2009-11-19,196250000,0,10332.44043
2009-11-20,230430000,0,10318.160156
2009-11-23,182350000,1,10450.950195
2009-11-24,163750000,0,10433.709961
2009-11-25,130080000,1,10464.400391
2009-11-27,130290000,0,10309.919922
2009-11-30,223580000,1,10344.839844
2009-12-01,190220000,1,10471.580078
2009-12-02,159500000,0,10452.679688
2009-12-03,243970000,0,10366.150391
2009-12-04,460660000,1,10388.900391
2009-12-07,196580000,1,10390.110352
2009-12-08,221770000,0,10285.969727
2009-12-09,188610000,1,10337.049805
2009-12-10,195910000,1,10405.830078
2009-12-11,179970000,1,10471.5
2009-12-14,154360000,1,10501.049805
2009-12-15,187560000,0,10452.0
2009-12-16,208310000,0,10441.120117
2009-12-17,198860000,0,10308.259766
2009-12-18,480080000,1,10328.889648
2009-12-21,164470000,1,10414.139648
2009-12-22,135080000,1,10464.929688
2009-12-23,112460000,1,10466.44043
2009-12-24,52670000,1,10520.089844
2009-12-28,102010000,1,10547.080078
2009-12-29,92890000,0,10545.410156
2009-12-30,110160000,1,10548.509766
2009-12-31,137940000,0,10428.049805
2010-01-04,179780000,1,10583.959961
2010-01-05,188540000,0,10572.019531
2010-01-06,186040000,1,10573.679688
2010-01-07,217390000,1,10606.860352
2010-01-08,172710000,1,10618.19043
2010-01-11,182050000,1,10663.990234
2010-01-12,256050000,0,10627.259766
2010-01-13,202810000,1,10680.769531
2010-01-14,201320000,1,10710.549805
2010-01-15,362930000,0,10609.650391
2010-01-19,192150000,1,10725.429688
2010-01-20,203270000,0,10603.150391
2010-01-21,304290000,0,10389.879883
2010-01-22,323620000,0,10172.980469
2010-01-25,215330000,1,10196.860352
2010-01-26,217300000,0,10194.290039
2010-01-27,262170000,1,10236.160156
2010-01-28,240050000,0,10120.459961
2010-01-29,316900000,0,10067.330078
2010-02-01,198430000,1,10185.530273
2010-02-02,237140000,1,10296.849609
2010-02-03,198940000,0,10270.549805
2010-02-04,304240000,0,10002.179688
2010-02-05,308320000,1,10012.230469
2010-02-08,216270000,0,9908.389648
2010-02-09,236210000,1,10058.639648
2010-02-10,178600000,0,10038.379883
2010-02-11,194470000,1,10144.19043
2010-02-12,296510000,0,10099.139648
2010-02-16,234900000,1,10268.80957
2010-02-17,193270000,1,10309.240234
2010-02-18,185310000,1,10392.900391
2010-02-19,241750000,1,10402.349609
2010-02-22,158440000,0,10383.379883
2010-02-23,190740000,0,10282.410156
2010-02-24,181450000,1,10374.160156
2010-02-25,242550000,0,10321.030273
2010-02-26,282120000,1,10325.259766
2010-03-01,173750000,1,10403.790039
2010-03-02,217180000,1,10405.980469
2010-03-03,183290000,0,10396.759766
2010-03-04,165740000,1,10444.139648
2010-03-05,184270000,1,10566.200195
2010-03-08,171780000,0,10552.519531
2010-03-09,219860000,1,10564.379883
2010-03-10,186570000,1,10567.330078
2010-03-11,150000000,1,10611.839844
2010-03-12,166140000,1,10624.69043
2010-03-15,160570000,1,10642.150391
2010-03-16,227410000,1,10685.980469
2010-03-17,194190000,1,10733.669922
2010-03-18,153280000,1,10779.169922
2010-03-19,434190000,0,10741.980469
2010-03-22,157200000,1,10785.889648
2010-03-23,189140000,1,10888.830078
2010-03-24,195570000,0,10836.150391
2010-03-25,200330000,1,10841.209961
2010-03-26,175490000,1,10850.360352
2010-03-29,136710000,1,10895.860352
2010-03-30,148810000,1,10907.419922
2010-03-31,197060000,0,10856.629883
2010-04-01,159520000,1,10927.070312
2010-04-05,139480000,1,10973.549805
2010-04-06,159960000,0,10969.990234
2010-04-07,187000000,0,10897.519531
2010-04-08,158930000,1,10927.070312
2010-04-09,150660000,1,10997.349609
2010-04-12,153960000,1,11005.969727
2010-04-13,183950000,1,11019.419922
2010-04-14,223920000,1,11123.110352
2010-04-15,203720000,1,11144.570312
2010-04-16,373950000,0,11018.660156
2010-04-19,214850000,1,11092.049805
2010-04-20,175170000,1,11117.05957
2010-04-21,188880000,1,11124.919922
2010-04-22,214700000,1,11134.290039
2010-04-23,207380000,1,11204.280273
2010-04-26,191920000,1,11205.030273
2010-04-27,263400000,0,10991.990234
2010-04-28,236760000,1,11045.269531
2010-04-29,194310000,1,11167.320312
2010-04-30,255130000,0,11008.610352
2010-05-03,178080000,1,11151.830078
2010-05-04,242100000,0,10926.769531
2010-05-05,218830000,0,10866.830078
2010-05-06,459890000,0,10520.320312
2010-05-07,428730000,0,10380.429688
2010-05-10,313350000,1,10785.139648
2010-05-11,223950000,0,10748.259766
2010-05-12,196630000,1,10896.910156
2010-05-13,201480000,0,10782.950195
2010-05-14,256500000,0,10620.160156
2010-05-17,221910000,1,10625.830078
2010-05-18,246370000,0,10510.950195
2010-05-19,266340000,0,10444.370117
2010-05-20,360350000,0,10068.009766
2010-05-21,438220000,1,10193.389648
2010-05-24,211430000,0,10066.570312
2010-05-25,316960000,0,10043.75
2010-05-26,316080000,0,9974.450195
2010-05-27,264770000,1,10258.990234
2010-05-28,243720000,0,10136.629883
2010-06-01,221900000,0,10024.019531
2010-06-02,200850000,1,10249.540039
2010-06-03,176870000,1,10255.280273
2010-06-04,256600000,0,9931.969727
2010-06-07,222940000,0,9816.490234
2010-06-08,259680000,1,9939.980469
2010-06-09,222680000,0,9899.25
2010-06-10,221730000,1,10172.530273
2010-06-11,187890000,1,10211.070312
2010-06-14,177920000,0,10190.889648
2010-06-15,203170000,1,10404.769531
2010-06-16,165700000,1,10409.459961
2010-06-17,181070000,1,10434.169922
2010-06-18,338010000,1,10450.639648
2010-06-21,165190000,0,10442.410156
2010-06-22,175750000,0,10293.519531
2010-06-23,195100000,1,10298.44043
2010-06-24,244440000,0,10152.799805
2010-06-25,434500000,0,10143.80957
2010-06-28,164100000,0,10138.519531
2010-06-29,290500000,0,9870.299805
2010-06-30,235090000,0,9774.019531
2010-07-01,262820000,0,9732.530273
2010-07-02,199570000,0,9686.480469
2010-07-06,261020000,1,9743.620117
2010-07-07,219560000,1,10018.280273
2010-07-08,192210000,1,10138.990234
2010-07-09,134810000,1,10198.030273
2010-07-12,131490000,1,10216.269531
2010-07-13,179040000,1,10363.019531
2010-07-14,208530000,1,10366.719727
2010-07-15,210000000,0,10359.30957
2010-07-16,335060000,0,10097.900391
2010-07-19,176970000,1,10154.429688
2010-07-20,194410000,1,10229.959961
2010-07-21,203900000,0,10120.530273
2010-07-22,202220000,1,10322.299805
2010-07-23,200000000,1,10424.620117
2010-07-26,178820000,1,10525.429688
2010-07-27,180550000,1,10537.69043
2010-07-28,162070000,0,10497.879883
2010-07-29,202110000,0,10467.160156
2010-07-30,208160000,0,10465.94043
2010-08-02,167640000,1,10674.379883
2010-08-03,164880000,0,10636.379883
2010-08-04,173360000,1,10680.429688
2010-08-05,139610000,0,10674.980469
2010-08-06,154870000,0,10653.55957
2010-08-09,166330000,1,10698.75
2010-08-10,203490000,0,10644.25
2010-08-11,219330000,0,10378.830078
2010-08-12,221030000,0,10319.950195
2010-08-13,151620000,0,10303.150391
2010-08-16,146040000,0,10302.009766
2010-08-17,191340000,1,10405.849609
2010-08-18,168560000,1,10415.540039
2010-08-19,227740000,0,10271.209961
2010-08-20,251150000,0,10213.620117
2010-08-23,173000000,0,10174.410156
2010-08-24,223680000,0,10040.450195
2010-08-25,183890000,1,10060.05957
2010-08-26,176330000,0,9985.80957
2010-08-27,207760000,1,10150.650391
2010-08-30,150480000,0,10009.730469
2010-08-31,255420000,1,10014.719727
2010-09-01,205710000,1,10269.469727
2010-09-02,149930000,1,10320.099609
2010-09-03,168600000,1,10447.929688
2010-09-07,149040000,0,10340.69043
2010-09-08,166760000,1,10387.009766
2010-09-09,163590000,1,10415.240234
2010-09-10,140320000,1,10462.769531
2010-09-13,190720000,1,10544.129883
2010-09-14,192410000,0,10526.490234
2010-09-15,167420000,1,10572.730469
2010-09-16,170300000,1,10594.830078
2010-09-17,367230000,1,10607.849609
2010-09-20,157120000,1,10753.620117
2010-09-21,186740000,1,10761.030273
2010-09-22,168590000,0,10739.30957
2010-09-23,156830000,0,10662.419922
2010-09-24,179270000,1,10860.259766
2010-09-27,143910000,0,10812.040039
2010-09-28,167110000,1,10858.139648
2010-09-29,158830000,0,10835.280273
2010-09-30,214540000,0,10788.049805
2010-10-01,161890000,1,10829.679688
2010-10-04,160370000,0,10751.269531
2010-10-05,216240000,1,10944.719727
2010-10-06,163440000,1,10967.650391
2010-10-07,141920000,0,10948.580078
2010-10-08,152280000,1,11006.480469
2010-10-11,114830000,1,11010.339844
2010-10-12,155150000,1,11020.400391
2010-10-13,224920000,1,11096.080078
2010-10-14,196170000,0,11094.570312
2010-10-15,319210000,0,11062.780273
2010-10-18,190290000,1,11143.69043
2010-10-19,247640000,0,10978.620117
2010-10-20,220140000,1,11107.969727
2010-10-21,178060000,1,11146.570312
2010-10-22,104570000,0,11132.55957
2010-10-25,168110000,1,11164.049805
2010-10-26,159040000,1,11169.459961
2010-10-27,167080000,0,11126.280273
2010-10-28,156250000,0,11113.950195
2010-10-29,189650000,1,11118.490234
2010-11-01,150130000,1,11124.620117
2010-11-02,150390000,1,11188.719727
2010-11-03,177580000,1,11215.129883
2010-11-04,234680000,1,11434.839844
2010-11-05,211670000,1,11444.080078
2010-11-08,143990000,0,11406.839844
2010-11-09,161910000,0,11346.75
2010-11-10,164170000,1,11357.040039
2010-11-11,296660000,0,11283.099609
2010-11-12,217650000,0,11192.580078
2010-11-15,155660000,1,11201.969727
2010-11-16,254570000,0,11023.5
2010-11-17,160250000,0,11007.879883
2010-11-18,171770000,1,11181.230469
2010-11-19,219400000,1,11203.549805
2010-11-22,152850000,0,11178.580078
2010-11-23,192820000,0,11036.370117
2010-11-24,138280000,1,11187.280273
2010-11-26,68400000,0,11091.870117
2010-11-29,151530000,0,11052.490234
2010-11-30,233770000,0,11006.019531
2010-12-01,202520000,1,11255.780273
2010-12-02,212090000,1,11362.410156
2010-12-03,149440000,1,11382.089844
2010-12-06,122240000,0,11362.19043
2010-12-07,175720000,0,11359.160156
2010-12-08,152510000,1,11372.480469
2010-12-09,167970000,0,11370.05957
2010-12-10,151820000,1,11410.320312
2010-12-13,151190000,1,11428.55957
2010-12-14,149860000,1,11476.540039
2010-12-15,189670000,0,11457.469727
2010-12-16,163040000,1,11499.25
2010-12-17,358300000,0,11491.910156
2010-12-20,125360000,0,11478.129883
2010-12-21,119420000,1,11533.160156
2010-12-22,122040000,1,11559.490234
2010-12-23,100840000,1,11573.490234
2010-12-27,76820000,0,11555.030273
2010-12-28,114100000,1,11575.540039
2010-12-29,77800000,1,11585.379883
2010-12-30,76820000,0,11569.709961
2010-12-31,93330000,1,11577.509766
2011-01-03,203420000,1,11670.75
2011-01-04,178630000,1,11691.179688
2011-01-05,169990000,1,11722.889648
2011-01-06,193080000,0,11697.30957
2011-01-07,188720000,0,11674.759766
2011-01-10,150340000,0,11637.450195
2011-01-11,157440000,1,11671.879883
2011-01-12,144960000,1,11755.44043
2011-01-13,161660000,0,11731.900391
2011-01-14,200770000,1,11787.379883
2011-01-18,203390000,1,11837.929688
2011-01-19,166250000,0,11825.290039
2011-01-20,180800000,0,11822.799805
2011-01-21,249480000,1,11871.839844
2011-01-24,184000000,1,11980.519531
2011-01-25,191950000,0,11977.19043
2011-01-26,168320000,1,11985.44043
2011-01-27,167770000,1,11989.830078
2011-01-28,214170000,0,11823.700195
2011-01-31,206580000,1,11891.929688
2011-02-01,180890000,1,12040.160156
2011-02-02,143440000,1,12041.969727
2011-02-03,143710000,1,12062.259766
2011-02-04,121780000,1,12092.150391
2011-02-07,132960000,1,12161.629883
2011-02-08,126650000,1,12233.150391
2011-02-09,162910000,1,12239.889648
2011-02-10,274440000,0,12229.290039
2011-02-11,184290000,1,12273.259766
2011-02-14,146350000,0,12268.19043
2011-02-15,142580000,0,12226.639648
2011-02-16,146270000,1,12288.169922
2011-02-17,130860000,1,12318.139648
2011-02-18,230040000,1,12391.25
2011-02-22,201860000,0,12212.790039
2011-02-23,213490000,0,12105.780273
2011-02-24,190860000,0,12068.5
2011-02-25,147540000,1,12130.450195
2011-02-28,199560000,1,12226.339844
2011-03-01,183240000,0,12058.019531
2011-03-02,147270000,1,12066.799805
2011-03-03,157840000,1,12258.200195
2011-03-04,166700000,0,12169.879883
2011-03-07,176200000,0,12090.030273
2011-03-08,158610000,1,12214.379883
2011-03-09,128360000,0,12213.089844
2011-03-10,180660000,0,11984.610352
2011-03-11,143670000,1,12044.400391
2011-03-14,163000000,0,11993.160156
2011-03-15,221930000,0,11855.419922
2011-03-16,254070000,0,11613.299805
2011-03-17,182260000,1,11774.589844
2011-03-18,355050000,1,11858.519531
2011-03-21,143390000,1,12036.530273
2011-03-22,115660000,0,12018.629883
2011-03-23,133940000,1,12086.019531
2011-03-24,131610000,1,12170.55957
2011-03-25,129790000,1,12220.589844
2011-03-28,123070000,0,12197.879883
2011-03-29,129030000,1,12279.009766
2011-03-30,140340000,1,12350.610352
2011-03-31,186140000,0,12319.730469
2011-04-01,147600000,1,12376.719727
2011-04-04,114660000,1,12400.030273
2011-04-05,142340000,0,12393.900391
2011-04-06,182350000,1,12426.75
2011-04-07,158590000,0,12409.490234
2011-04-08,122820000,0,12380.049805
2011-04-11,109950000,1,12381.110352
2011-04-12,137260000,0,12263.580078
2011-04-13,118950000,1,12270.990234
2011-04-14,140670000,1,12285.150391
2011-04-15,234710000,1,12341.830078
2011-04-18,190220000,0,12201.589844
2011-04-19,149870000,1,12266.75
2011-04-20,203900000,1,12453.540039
2011-04-21,166630000,1,12505.990234
2011-04-25,128660000,0,12479.879883
2011-04-26,183980000,1,12595.370117
2011-04-27,160550000,1,12690.959961
2011-04-28,148760000,1,12763.30957
2011-04-29,378620000,1,12810.540039
2011-05-02,150960000,0,12807.360352
2011-05-03,191510000,1,12807.509766
2011-05-04,193720000,0,12723.580078
2011-05-05,176950000,0,12584.169922
2011-05-06,168320000,1,12638.740234
2011-05-09,133940000,1,12684.679688
2011-05-10,156000000,1,12760.360352
2011-05-11,200680000,0,12630.030273
2011-05-12,216510000,1,12695.919922
2011-05-13,169940000,0,12595.75
2011-05-16,192310000,0,12548.370117
2011-05-17,192830000,0,12479.580078
2011-05-18,175120000,1,12560.179688
2011-05-19,158470000,1,12605.320312
2011-05-20,174980000,0,12512.040039
2011-05-23,150720000,0,12381.259766
2011-05-24,145920000,0,12356.209961
2011-05-25,145750000,1,12394.660156
2011-05-26,149070000,1,12402.759766
2011-05-27,126030000,1,12441.580078
2011-05-31,208290000,1,12569.790039
2011-06-01,183020000,0,12290.139648
2011-06-02,156370000,0,12248.549805
2011-06-03,157740000,0,12151.259766
2011-06-06,166600000,0,12089.959961
2011-06-07,162610000,0,12070.80957
2011-06-08,156870000,0,12048.94043
2011-06-09,149700000,1,12124.360352
2011-06-10,178310000,0,11951.910156
2011-06-13,153370000,1,11952.969727
2011-06-14,159620000,1,12076.110352
2011-06-15,182500000,0,11897.269531
2011-06-16,189500000,1,11961.519531
2011-06-17,342010000,1,12004.360352
2011-06-20,127250000,1,12080.379883
2011-06-21,147570000,1,12190.009766
2011-06-22,125330000,0,12109.669922
2011-06-23,206760000,0,12050.0
2011-06-24,279660000,0,11934.580078
2011-06-27,177920000,1,12043.55957
2011-06-28,135050000,1,12188.69043
2011-06-29,158720000,1,12261.419922
2011-06-30,179980000,1,12414.339844
2011-07-01,141870000,1,12582.769531
2011-07-05,123000000,0,12569.870117
2011-07-06,132330000,1,12626.019531
2011-07-07,153740000,1,12719.490234
2011-07-08,131150000,0,12657.200195
2011-07-11,133250000,0,12505.759766
2011-07-12,162640000,0,12446.879883
2011-07-13,139970000,1,12491.610352
2011-07-14,140810000,0,12437.120117
2011-07-15,215420000,1,12479.730469
2011-07-18,148950000,0,12385.160156
2011-07-19,167550000,1,12587.419922
2011-07-20,140340000,0,12571.910156
2011-07-21,188410000,1,12724.410156
2011-07-22,136760000,0,12681.160156
2011-07-25,128760000,0,12592.799805
2011-07-26,145140000,0,12501.299805
2011-07-27,182770000,0,12302.549805
2011-07-28,148710000,0,12240.110352
2011-07-29,230910000,0,12143.240234
2011-08-01,182820000,0,12132.490234
2011-08-02,207060000,0,11866.620117
2011-08-03,198220000,1,11896.44043
2011-08-04,300760000,0,11383.679688
2011-08-05,406310000,1,11444.610352
2011-08-08,479980000,0,10809.849609
2011-08-09,431410000,1,11239.769531
2011-08-10,396300000,0,10719.94043
2011-08-11,393190000,1,11143.30957
2011-08-12,228030000,1,11269.019531
2011-08-15,188120000,1,11482.900391
2011-08-16,187800000,0,11405.929688
2011-08-17,171280000,1,11410.209961
2011-08-18,308520000,0,10990.580078
2011-08-19,336370000,0,10817.650391
2011-08-22,226720000,1,10854.650391
2011-08-23,244130000,1,11176.759766
2011-08-24,227380000,1,11320.709961
2011-08-25,255050000,0,11149.820312
2011-08-26,244410000,1,11284.540039
2011-08-29,177540000,1,11539.25
2011-08-30,182090000,1,11559.950195
2011-08-31,229740000,1,11613.530273
2011-09-01,178110000,0,11493.570312
2011-09-02,174660000,0,11240.259766
2011-09-06,217420000,0,11139.299805
2011-09-07,166320000,1,11414.860352
2011-09-08,173040000,0,11295.80957
2011-09-09,228170000,0,10992.129883
2011-09-12,197160000,1,11061.120117
2011-09-13,189980000,1,11105.849609
2011-09-14,192600000,1,11246.730469
2011-09-15,172080000,1,11433.179688
2011-09-16,425900000,1,11509.089844
2011-09-19,157580000,0,11401.009766
2011-09-20,157060000,1,11408.660156
2011-09-21,221860000,0,11124.839844
2011-09-22,306170000,0,10733.830078
2011-09-23,223140000,1,10771.480469
2011-09-26,225620000,1,11043.860352
2011-09-27,212700000,1,11190.69043
2011-09-28,172410000,0,11010.900391
2011-09-29,191340000,1,11153.980469
2011-09-30,213200000,0,10913.379883
2011-10-03,242870000,0,10655.299805
2011-10-04,267440000,1,10808.709961
2011-10-05,226440000,1,10939.950195
2011-10-06,190030000,1,11123.330078
2011-10-07,188080000,0,11103.120117
2011-10-10,144270000,1,11433.179688
2011-10-11,133360000,0,11416.299805
2011-10-12,188130000,1,11518.849609
2011-10-13,143990000,0,11478.129883
2011-10-14,133570000,1,11644.490234
2011-10-17,140360000,0,11397.0
2011-10-18,201410000,1,11577.049805
2011-10-19,169580000,0,11504.620117
2011-10-20,166100000,1,11541.780273
2011-10-21,264000000,1,11808.790039
2011-10-24,161870000,1,11913.620117
2011-10-25,161450000,0,11706.620117
2011-10-26,183730000,1,11869.040039
2011-10-27,251640000,1,12208.549805
2011-10-28,163620000,1,12231.110352
2011-10-31,185790000,0,11955.009766
2011-11-01,218290000,0,11657.959961
2011-11-02,154140000,1,11836.040039
2011-11-03,158170000,1,12044.469727
2011-11-04,126150000,0,11983.240234
2011-11-07,122110000,1,12068.389648
2011-11-08,144950000,1,12170.179688
2011-11-09,180200000,0,11780.94043
2011-11-10,165250000,1,11893.860352
2011-11-11,134520000,1,12153.679688
2011-11-14,119610000,0,12078.980469
2011-11-15,14510000,1,12096.160156
2011-11-16,166220000,0,11905.589844
2011-11-17,169830000,0,11770.730469
2011-11-18,181240000,1,11796.160156
2011-11-21,170960000,0,11547.30957
2011-11-22,148570000,0,11493.719727
2011-11-23,152220000,0,11257.549805
2011-11-25,87480000,0,11231.650391
2011-11-28,204950000,1,11523.009766
2011-11-29,156950000,1,11555.629883
2011-11-30,286790000,1,12045.679688
2011-12-01,143700000,0,12020.030273
2011-12-02,150110000,0,12019.419922
2011-12-05,153830000,1,12097.830078
2011-12-06,145920000,1,12150.129883
2011-12-07,168440000,1,12196.370117
2011-12-08,165880000,0,11997.700195
2011-12-09,154250000,1,12184.259766
2011-12-12,149050000,0,12021.389648
2011-12-13,171910000,0,11954.94043
2011-12-14,161240000,0,11823.480469
2011-12-15,136930000,1,11868.80957
2011-12-16,389520000,0,11866.389648
2011-12-19,135170000,0,11766.259766
2011-12-20,165180000,1,12103.580078
2011-12-21,163250000,1,12107.740234
2011-12-22,151610000,1,12169.650391
2011-12-23,80420000,1,12294.0
2011-12-27,95980000,0,12291.349609
2011-12-28,84010000,0,12151.410156
2011-12-29,8410000,1,12287.040039
2011-12-30,96670000,0,12217.55957
2012-01-03,152560000,1,12397.379883
2012-01-04,145130000,1,12418.419922
2012-01-05,158440000,0,12415.700195
2012-01-06,131120000,0,12359.919922
2012-01-09,122200000,1,12392.69043
2012-01-10,141230000,1,12462.469727
2012-01-11,130260000,0,12449.450195
2012-01-12,128230000,1,12471.019531
2012-01-13,161470000,0,12422.05957
2012-01-17,148670000,1,12482.070312
2012-01-18,154170000,1,12578.950195
2012-01-19,148030000,1,12623.980469
2012-01-20,255110000,1,12720.480469
2012-01-23,149860000,0,12708.820312
2012-01-24,125420000,0,12675.75
2012-01-25,135430000,1,12758.849609
2012-01-26,130840000,0,12734.629883
2012-01-27,164410000,0,12660.459961
2012-01-30,130430000,0,12653.719727
2012-01-31,168070000,0,12632.910156
2012-02-01,143500000,1,12716.459961
2012-02-02,114360000,0,12705.410156
2012-02-03,142840000,1,12862.230469
2012-02-06,108040000,0,12845.129883
2012-02-07,116150000,1,12878.200195
2012-02-08,138250000,1,12883.950195
2012-02-09,157080000,1,12890.459961
2012-02-10,123620000,0,12801.230469
2012-02-13,112240000,1,12874.040039
2012-02-14,120050000,1,12878.280273
2012-02-15,127560000,0,12780.950195
2012-02-16,134450000,1,12904.080078
2012-02-17,234650000,1,12949.870117
2012-02-21,164780000,1,12965.69043
2012-02-22,124200000,0,12938.669922
2012-02-23,120480000,1,12984.69043
2012-02-24,89440000,0,12982.950195
2012-02-27,143530000,0,12981.509766
2012-02-28,114490000,1,13005.120117
2012-02-29,182460000,0,12952.070312
2012-03-01,139670000,1,12980.299805
2012-03-02,93900000,0,12977.570312
2012-03-05,108630000,0,12962.80957
2012-03-06,142330000,0,12759.150391
2012-03-07,175110000,1,12837.330078
2012-03-08,103530000,1,12907.94043
2012-03-09,103240000,1,12922.019531
2012-03-12,100000000,1,12959.709961
2012-03-13,163130000,1,13177.679688
2012-03-14,163610000,1,13194.099609
2012-03-15,161650000,1,13252.759766
2012-03-16,392620000,0,13232.620117
2012-03-19,147120000,1,13239.129883
2012-03-20,131660000,0,13170.19043
2012-03-21,124860000,0,13124.620117
2012-03-22,122060000,0,13046.139648
2012-03-23,129930000,1,13080.730469
2012-03-26,122080000,1,13241.629883
2012-03-27,129280000,0,13197.730469
2012-03-28,141540000,0,13126.209961
2012-03-29,136250000,1,13145.820312
2012-03-30,171190000,1,13212.040039
2012-04-02,108790000,1,13264.490234
2012-04-03,123980000,0,13199.549805
2012-04-04,125000000,0,13074.75
2012-04-05,109530000,0,13060.139648
2012-04-09,105580000,0,12929.589844
2012-04-10,159290000,0,12715.929688
2012-04-11,125210000,1,12805.389648
2012-04-12,119780000,1,12986.580078
2012-04-13,140990000,0,12849.589844
2012-04-16,120990000,1,12921.410156
2012-04-17,115320000,1,13115.540039
2012-04-18,113520000,0,13032.75
2012-04-19,139810000,0,12964.099609
2012-04-20,212080000,1,13029.259766
2012-04-23,139370000,0,12927.169922
2012-04-24,134110000,1,13001.55957
2012-04-25,135260000,1,13090.719727
2012-04-26,107570000,1,13204.620117
2012-04-27,110850000,1,13228.30957
2012-04-30,127870000,0,13213.629883
2012-05-01,123400000,1,13279.320312
2012-05-02,100770000,0,13268.570312
2012-05-03,102090000,0,13206.589844
2012-05-04,113790000,0,13038.269531
2012-05-07,110080000,0,13008.530273
2012-05-08,138620000,0,12932.089844
2012-05-09,147460000,0,12835.05957
2012-05-10,151650000,1,12855.040039
2012-05-11,148370000,0,12820.599609
2012-05-14,143190000,0,12695.349609
2012-05-15,156060000,0,12632.0
2012-05-16,143130000,0,12598.549805
2012-05-17,147430000,0,12442.490234
2012-05-18,240720000,0,12369.379883
2012-05-21,142110000,1,12504.480469
2012-05-22,133650000,0,12502.80957
2012-05-23,152190000,0,12496.150391
2012-05-24,126810000,1,12529.75
2012-05-25,93000000,0,12454.830078
2012-05-29,107510000,1,12580.69043
2012-05-30,122830000,0,12419.860352
2012-05-31,205140000,0,12393.450195
2012-06-01,162940000,0,12118.570312
2012-06-04,126440000,0,12101.459961
2012-06-05,108970000,1,12127.950195
2012-06-06,140110000,1,12414.790039
2012-06-07,131150000,1,12460.959961
2012-06-08,111810000,1,12554.200195
2012-06-11,121060000,0,12411.230469
2012-06-12,111360000,1,12573.799805
2012-06-13,125780000,0,12496.379883
2012-06-14,128640000,1,12651.910156
2012-06-15,284290000,1,12767.169922
2012-06-18,111280000,0,12741.820312
2012-06-19,125180000,1,12837.330078
2012-06-20,119110000,0,12824.389648
2012-06-21,146750000,0,12573.570312
2012-06-22,209990000,1,12640.780273
2012-06-25,134090000,0,12502.660156
2012-06-26,109270000,1,12534.669922
2012-06-27,97950000,1,12627.009766
2012-06-28,125870000,0,12602.259766
2012-06-29,191630000,1,12880.089844
2012-07-02,109640000,0,12871.389648
2012-07-03,63850000,1,12943.660156
2012-07-05,97800000,0,12896.669922
2012-07-06,96760000,0,12772.469727
2012-07-09,100150000,0,12736.290039
2012-07-10,114760000,0,12653.120117
2012-07-11,128420000,0,12604.530273
2012-07-12,142760000,0,12573.269531
2012-07-13,121080000,1,12777.089844
2012-07-16,93500000,0,12727.209961
2012-07-17,119620000,1,12805.540039
2012-07-18,130070000,1,12908.700195
2012-07-19,139480000,1,12943.360352
2012-07-20,210770000,0,12822.570312
2012-07-23,137760000,0,12721.459961
2012-07-24,131530000,0,12617.320312
2012-07-25,127320000,1,12676.049805
2012-07-26,133620000,1,12887.929688
2012-07-27,161510000,1,13075.660156
2012-07-30,91730000,0,13073.009766
2012-07-31,125980000,0,13008.679688
2012-08-01,132780000,0,12976.129883
2012-08-02,112770000,0,12878.879883
2012-08-03,112390000,1,13096.169922
2012-08-06,84270000,1,13117.509766
2012-08-07,95240000,1,13168.599609
2012-08-08,84910000,1,13175.639648
2012-08-09,84350000,0,13165.19043
2012-08-10,86640000,1,13207.950195
2012-08-13,67550000,0,13169.429688
2012-08-14,84430000,1,13172.139648
2012-08-15,77130000,0,13164.780273
2012-08-16,114580000,1,13250.110352
2012-08-17,138550000,1,13275.200195
2012-08-20,87590000,0,13271.639648
2012-08-21,117060000,0,13203.580078
2012-08-22,111220000,0,13172.759766
2012-08-23,108800000,0,13057.459961
2012-08-24,88030000,1,13157.969727
2012-08-27,96070000,0,13124.669922
2012-08-28,81630000,0,13102.990234
2012-08-29,91530000,1,13107.480469
2012-08-30,89980000,0,13000.709961
2012-08-31,119780000,1,13090.839844
2012-09-04,103920000,0,13035.94043
2012-09-05,92550000,1,13047.480469
2012-09-06,128650000,1,13292.0
2012-09-07,142210000,1,13306.639648
2012-09-10,123810000,0,13254.290039
2012-09-11,104920000,1,13323.360352
2012-09-12,111520000,1,13333.349609
2012-09-13,151770000,1,13539.860352000002
2012-09-14,185160000,1,13593.370116999999
2012-09-17,128020000,0,13553.099609
2012-09-18,120720000,1,13564.639647999998
2012-09-19,116210000,1,13577.959961000002
2012-09-20,117910000,1,13596.929688
2012-09-21,429610000,0,13579.469727000002
2012-09-24,120370000,0,13558.919922
2012-09-25,138630000,0,13457.549805
2012-09-26,124350000,0,13413.509766
2012-09-27,113990000,1,13485.969727000002
2012-09-28,146950000,0,13437.129883000001
2012-10-01,106120000,1,13515.110352000002
2012-10-02,90730000,0,13482.360352000002
2012-10-03,103890000,1,13494.610352000002
2012-10-04,106390000,1,13575.360352000002
2012-10-05,115500000,1,13610.150391
2012-10-08,71300000,0,13583.650391
2012-10-09,103630000,0,13473.530272999998
2012-10-10,101120000,0,13344.969727
2012-10-11,86630000,0,13326.389648
2012-10-12,113740000,1,13328.849609
2012-10-15,114880000,1,13424.230469
2012-10-16,113450000,1,13551.780272999998
2012-10-17,135570000,1,13557.0
2012-10-18,128410000,0,13548.94043
2012-10-19,239080000,0,13343.509766
2012-10-22,121880000,1,13345.889648
2012-10-23,122220000,0,13102.530273
2012-10-24,110670000,0,13077.339844
2012-10-25,114590000,1,13103.679688
2012-10-26,134640000,1,13107.209961
2012-10-31,138160000,0,13096.459961
2012-11-01,140510000,1,13232.620117
2012-11-02,137660000,0,13093.160156
2012-11-05,95350000,1,13112.44043
2012-11-06,105710000,1,13245.679688
2012-11-07,164250000,0,12932.730469
2012-11-08,138350000,0,12811.320312
2012-11-09,131670000,1,12815.389648
2012-11-12,62360000,0,12815.080078
2012-11-13,142200000,0,12756.179688
2012-11-14,162180000,0,12570.950195
2012-11-15,129150000,0,12542.379883
2012-11-16,197110000,1,12588.30957
2012-11-19,136910000,1,12795.959961
2012-11-20,134160000,0,12788.509766
2012-11-21,97300000,1,12836.889648
2012-11-23,61110000,1,13009.530273
2012-11-26,114360000,0,12967.370117
2012-11-27,117900000,0,12878.129883
2012-11-28,131000000,1,12985.110352
2012-11-29,113620000,1,13021.820312
2012-11-30,171070000,1,13025.580078
2012-12-03,112900000,0,12965.599609
2012-12-04,125290000,0,12951.780273
2012-12-05,161230000,1,13034.490234
2012-12-06,116850000,1,13074.040039
2012-12-07,124130000,1,13155.129883
2012-12-10,118530000,1,13169.879883
2012-12-11,124510000,1,13248.44043
2012-12-12,127510000,0,13245.450195
2012-12-13,101190000,0,13170.719727
2012-12-14,117620000,0,13135.009766
2012-12-17,142980000,1,13235.389648
2012-12-18,152920000,1,13350.959961
2012-12-19,149020000,0,13251.969727
2012-12-20,119800000,1,13311.719727
2012-12-21,413270000,0,13190.839844
2012-12-24,47710000,0,13138.929688
2012-12-26,79410000,0,13114.589844
2012-12-27,100160000,0,13096.30957
2012-12-28,85980000,0,12938.110352
2012-12-31,145740000,1,13104.139648
2013-01-02,161430000,1,13412.549805
2013-01-03,129630000,0,13391.360352
2013-01-04,107590000,1,13435.209961000002
2013-01-07,113120000,0,13384.290039
2013-01-08,129570000,0,13328.849609
2013-01-09,123070000,1,13390.509766
2013-01-10,133520000,1,13471.219727000002
2013-01-11,119200000,1,13488.429688
2013-01-14,118460000,1,13507.320312
2013-01-15,102280000,1,13534.889647999998
2013-01-16,118540000,0,13511.230469
2013-01-17,183900000,1,13596.019531
2013-01-18,260900000,1,13649.700195
2013-01-22,144300000,1,13712.209961000002
2013-01-23,104490000,1,13779.330078
2013-01-24,124780000,1,13825.330078
2013-01-25,130300000,1,13895.980469
2013-01-28,113570000,0,13881.929688
2013-01-29,108230000,1,13954.419922
2013-01-30,117200000,0,13910.419922
2013-01-31,142600000,0,13860.580078
2013-02-01,128420000,1,14009.790038999998
2013-02-04,130420000,0,13880.080078
2013-02-05,134390000,1,13979.299805
2013-02-06,127560000,1,13986.519531
2013-02-07,118530000,0,13944.049805
2013-02-08,99860000,1,13992.969727000002
2013-02-11,75090000,0,13971.240234
2013-02-12,117180000,1,14018.700195
2013-02-13,130520000,0,13982.910156
2013-02-14,114800000,0,13973.389647999998
2013-02-15,195670000,1,13981.759766
2013-02-19,136410000,1,14035.669922
2013-02-20,138540000,0,13927.540038999998
2013-02-21,131410000,0,13880.620116999999
2013-02-22,139850000,1,14000.570312
2013-02-25,152190000,0,13784.169922
2013-02-26,132580000,1,13900.129883000001
2013-02-27,107010000,1,14075.370116999999
2013-02-28,177150000,0,14054.490234
2013-03-01,125920000,1,14089.660156
2013-03-04,110810000,1,14127.820312
2013-03-05,112100000,1,14253.769531
2013-03-06,116510000,1,14296.240234
2013-03-07,117080000,1,14329.490234
2013-03-08,115630000,1,14397.070312
2013-03-11,94880000,1,14447.290038999998
2013-03-12,102100000,1,14450.05957
2013-03-13,83920000,1,14455.280272999998
2013-03-14,117390000,1,14539.139647999998
2013-03-15,407770000,0,14514.110352000002
2013-03-18,119640000,0,14452.05957
2013-03-19,122170000,1,14455.820312
2013-03-20,121240000,1,14511.730469
2013-03-21,110450000,0,14421.490234
2013-03-22,101450000,1,14512.030272999998
2013-03-25,124840000,0,14447.75
2013-03-26,96030000,1,14559.650391
2013-03-27,92680000,0,14526.160156
2013-03-28,153710000,1,14578.540038999998
2013-04-01,91400000,0,14572.849609
2013-04-02,98420000,1,14662.009766
2013-04-03,127140000,0,14550.349609
2013-04-04,104790000,1,14606.110352000002
2013-04-05,131250000,0,14565.25
2013-04-08,106680000,1,14613.480469
2013-04-09,128580000,1,14673.459961000002
2013-04-10,120520000,1,14802.240234
2013-04-11,144570000,1,14865.139647999998
2013-04-12,119570000,0,14865.05957
2013-04-15,161680000,0,14599.200195
2013-04-16,126320000,1,14756.780272999998
2013-04-17,168010000,0,14618.589844
2013-04-18,158050000,0,14537.139647999998
2013-04-19,207200000,1,14547.509766
2013-04-22,146890000,1,14567.169922
2013-04-23,137320000,1,14719.459961000002
2013-04-24,138020000,0,14676.299805
2013-04-25,129600000,1,14700.799805
2013-04-26,128910000,1,14712.549805
2013-04-29,97060000,1,14818.75
2013-04-30,148250000,1,14839.799805
2013-05-01,112620000,0,14700.950195
2013-05-02,91180000,1,14831.580078
2013-05-03,119890000,1,14973.959961000002
2013-05-06,116160000,0,14968.889647999998
2013-05-07,117230000,1,15056.200195
2013-05-08,113510000,1,15105.120116999999
2013-05-09,97810000,0,15082.620116999999
2013-05-10,98980000,1,15118.490234
2013-05-13,94280000,0,15091.679688
2013-05-14,124590000,1,15215.25
2013-05-15,124030000,1,15275.69043
2013-05-16,145090000,0,15233.219727000002
2013-05-17,175750000,1,15354.400391
2013-05-20,116420000,0,15335.280272999998
2013-05-21,122970000,1,15387.580078
2013-05-22,171850000,0,15307.169922
2013-05-23,148810000,0,15294.5
2013-05-24,105660000,1,15303.099609
2013-05-28,130680000,1,15409.389647999998
2013-05-29,114020000,0,15302.799805
2013-05-30,121150000,1,15324.530272999998
2013-05-31,208830000,0,15115.570312
2013-06-03,147980000,1,15254.030272999998
2013-06-04,134280000,0,15177.540038999998
2013-06-05,141400000,0,14960.589844
2013-06-06,140410000,1,15040.620116999999
2013-06-07,137380000,1,15248.120116999999
2013-06-10,94250000,0,15238.589844
2013-06-11,101610000,0,15122.019531
2013-06-12,105770000,0,14995.230469
2013-06-13,104490000,1,15176.080078
2013-06-14,107430000,0,15070.179688
2013-06-17,139250000,1,15179.849609
2013-06-18,99210000,1,15318.230469
2013-06-19,111380000,0,15112.19043
2013-06-20,172630000,0,14758.320312
2013-06-21,420080000,1,14799.400391
2013-06-24,158670000,0,14659.55957
2013-06-25,135940000,1,14760.30957
2013-06-26,133230000,1,14910.139647999998
2013-06-27,113650000,1,15024.490234
2013-06-28,230000000,0,14909.599609
2013-07-01,120570000,1,14974.959961000002
2013-07-02,116610000,0,14932.410156
2013-07-03,61000000,1,14988.370116999999
2013-07-05,94560000,1,15135.839844
2013-07-08,136820000,1,15224.69043
2013-07-09,109270000,1,15300.339844
2013-07-10,105050000,0,15291.660156
2013-07-11,124950000,1,15460.919922
2013-07-12,130140000,1,15464.299805
2013-07-15,99430000,1,15484.259766
2013-07-16,105970000,0,15451.849609
2013-07-17,126240000,1,15470.519531
2013-07-18,136270000,1,15548.540038999998
2013-07-19,229260000,0,15543.740234
2013-07-22,180920000,1,15545.549805
2013-07-23,98700000,1,15567.740234
2013-07-24,99320000,0,15542.240234
2013-07-25,103260000,1,15555.610352000002
2013-07-26,94880000,1,15558.830078
2013-07-29,87240000,0,15521.969727000002
2013-07-30,117550000,0,15520.589844
2013-07-31,145120000,0,15499.540038999998
2013-08-01,111040000,1,15628.019531
2013-08-02,104840000,1,15658.360352000002
2013-08-05,76850000,0,15612.129883000001
2013-08-06,87730000,0,15518.740234
2013-08-07,88430000,0,15470.669922
2013-08-08,90990000,1,15498.320312
2013-08-09,81180000,0,15425.509766
2013-08-12,78060000,0,15419.679688
2013-08-13,84790000,1,15451.009766
2013-08-14,91030000,0,15337.660156
2013-08-15,128340000,0,15112.19043
2013-08-16,151620000,0,15081.469727000002
2013-08-19,111660000,0,15010.740234
2013-08-20,102340000,0,15002.990234
2013-08-21,98340000,0,14897.549805
2013-08-22,153490000,1,14963.740234
2013-08-23,131860000,1,15010.509766
2013-08-26,102820000,0,14946.459961000002
2013-08-27,118610000,0,14776.129883000001
2013-08-28,104620000,1,14824.509766
2013-08-29,93170000,1,14840.950195
2013-08-30,135850000,0,14810.30957
2013-09-03,142530000,1,14833.959961000002
2013-09-04,122150000,1,14930.870116999999
2013-09-05,101010000,1,14937.480469
2013-09-06,108410000,0,14922.5
2013-09-09,90660000,1,15063.120116999999
2013-09-10,103200000,1,15191.05957
2013-09-11,102090000,1,15326.599609
2013-09-12,99760000,0,15300.639647999998
2013-09-13,90890000,1,15376.05957
2013-09-16,105740000,1,15494.780272999998
2013-09-17,104480000,1,15529.730469
2013-09-18,145410000,1,15676.94043
2013-09-19,116280000,0,15636.549805
2013-09-20,379650000,0,15451.089844
2013-09-23,94920000,0,15401.379883000001
2013-09-24,85430000,0,15334.589844
2013-09-25,81890000,0,15273.259766
2013-09-26,79050000,1,15328.299805
2013-09-27,95660000,0,15258.240234
2013-09-30,122330000,0,15129.669922
2013-10-01,82460000,1,15191.700195
2013-10-02,86090000,0,15133.139647999998
2013-10-03,91300000,0,14996.480469
2013-10-04,75100000,1,15072.580078
2013-10-07,79620000,0,14936.240234
2013-10-08,102690000,0,14776.530272999998
2013-10-09,103190000,1,14802.980469
2013-10-10,106540000,1,15126.070312
2013-10-11,85730000,1,15237.110352000002
2013-10-14,81420000,1,15301.259766
2013-10-15,91440000,0,15168.009766
2013-10-16,92850000,1,15373.830078
2013-10-17,108490000,0,15371.650391
2013-10-18,156660000,1,15399.650391
2013-10-21,93660000,0,15392.200195
2013-10-22,107030000,1,15467.660156
2013-10-23,90630000,0,15413.330078
2013-10-24,89240000,1,15509.209961000002
2013-10-25,109900000,1,15570.280272999998
2013-10-28,92760000,0,15568.929688
2013-10-29,86600000,1,15680.349609
2013-10-30,79170000,0,15618.759766
2013-10-31,114050000,0,15545.75
2013-11-01,101830000,1,15615.549805
2013-11-04,71200000,1,15639.120116999999
2013-11-05,91890000,0,15618.219727000002
2013-11-06,109200000,1,15746.879883000001
2013-11-07,103860000,0,15593.980469
2013-11-08,101200000,1,15761.780272999998
2013-11-11,58860000,1,15783.099609
2013-11-12,79260000,0,15750.669922
2013-11-13,92450000,1,15821.629883000001
2013-11-14,123860000,1,15876.219727000002
2013-11-15,126460000,1,15961.700195
2013-11-18,94860000,1,15976.019531
2013-11-19,84570000,0,15967.030272999998
2013-11-20,84350000,0,15900.820312
2013-11-21,79000000,1,16009.990234
2013-11-22,81000000,1,16064.769531
2013-11-25,94040000,1,16072.540038999998
2013-11-26,107450000,1,16072.799805
2013-11-27,65730000,1,16097.330078
2013-11-29,69190000,0,16086.410156
2013-12-02,92590000,0,16008.769531
2013-12-03,103910000,0,15914.620116999999
2013-12-04,111180000,0,15889.769531
2013-12-05,128080000,0,15821.509766
2013-12-06,98260000,1,16020.200195
2013-12-09,91810000,1,16025.530272999998
2013-12-10,79420000,0,15973.129883000001
2013-12-11,107170000,0,15843.530272999998
2013-12-12,105870000,0,15739.429688
2013-12-13,83180000,1,15755.360352000002
2013-12-16,101470000,1,15884.570312
2013-12-17,101490000,0,15875.259766
2013-12-18,129620000,1,16167.969727000002
2013-12-19,94980000,1,16179.080078
2013-12-20,285190000,1,16221.139647999998
2013-12-23,78930000,1,16294.610352000002
2013-12-24,33640000,1,16357.549805
2013-12-26,50160000,1,16479.880859
2013-12-27,47230000,0,16478.410156
2013-12-30,54220000,1,16504.289062
2013-12-31,78760000,1,16576.660156
2014-01-02,80960000,0,16441.349609
2014-01-03,72770000,1,16469.990234
2014-01-06,89380000,0,16425.099609
2014-01-07,81270000,1,16530.939453
2014-01-08,103260000,0,16462.740234
2014-01-09,83990000,0,16444.759766
2014-01-10,85190000,0,16437.050781
2014-01-13,111680000,0,16257.94043
2014-01-14,98610000,1,16373.860352000002
2014-01-15,101130000,1,16481.939453
2014-01-16,87370000,0,16417.009766
2014-01-17,184970000,1,16458.560547
2014-01-21,111570000,0,16414.439453
2014-01-22,87470000,0,16373.339844
2014-01-23,100540000,0,16197.349609
2014-01-24,141450000,0,15879.110352000002
2014-01-27,127540000,0,15837.879883000001
2014-01-28,89110000,1,15928.55957
2014-01-29,109590000,0,15738.790038999998
2014-01-30,92100000,1,15848.610352000002
2014-01-31,137090000,0,15698.849609
2014-02-03,151050000,0,15372.799805
2014-02-04,124110000,1,15445.240234
2014-02-05,105130000,0,15440.230469
2014-02-06,106980000,1,15628.530272999998
2014-02-07,105780000,1,15794.080078
2014-02-10,84110000,1,15801.790038999998
2014-02-11,95930000,1,15994.769531
2014-02-12,77310000,0,15963.94043
2014-02-13,99470000,1,16027.589844
2014-02-14,84060000,1,16154.389647999998
2014-02-18,91250000,0,16130.400391
2014-02-19,80560000,0,16040.55957
2014-02-20,77720000,1,16133.230469
2014-02-21,126580000,0,16103.299805
2014-02-24,244580000,1,16207.139647999998
2014-02-25,99470000,0,16179.660156
2014-02-26,93980000,1,16198.410156
2014-02-27,97640000,1,16272.650391
2014-02-28,122110000,1,16321.709961000002
2014-03-03,92760000,0,16168.030272999998
2014-03-04,96120000,1,16395.880859
2014-03-05,73980000,0,16360.179688
2014-03-06,75900000,1,16421.890625
2014-03-07,80690000,1,16452.720703
2014-03-10,68210000,0,16418.679688
2014-03-11,78150000,0,16351.25
2014-03-12,77900000,0,16340.080078
2014-03-13,86160000,0,16108.889647999998
2014-03-14,85660000,0,16065.669922
2014-03-17,88930000,1,16247.219727000002
2014-03-18,79140000,1,16336.19043
2014-03-19,90110000,0,16222.169922
2014-03-20,91530000,1,16331.049805
2014-03-21,353670000,0,16302.769531
2014-03-24,110620000,0,16276.69043
2014-03-25,89110000,1,16367.879883000001
2014-03-26,92770000,0,16268.990234
2014-03-27,93650000,0,16264.230469
2014-03-28,86370000,1,16323.05957
2014-03-31,104510000,1,16457.660156
2014-04-01,88010000,1,16532.609375
2014-04-02,78120000,1,16573.0
2014-04-03,77220000,0,16572.550781
2014-04-04,104350000,0,16412.710938
2014-04-07,116540000,0,16245.870116999999
2014-04-08,98510000,1,16256.139647999998
2014-04-09,91550000,1,16437.179688
2014-04-10,112550000,0,16170.219727000002
2014-04-11,119550000,0,16026.75
2014-04-14,90020000,1,16173.240234
2014-04-15,97850000,1,16262.55957
2014-04-16,94650000,1,16424.849609
2014-04-17,136190000,0,16408.539062
2014-04-21,79500000,1,16449.25
2014-04-22,84830000,1,16514.369141
2014-04-23,76830000,0,16501.650391
2014-04-24,80340000,0,16501.650391
2014-04-25,90630000,0,16361.459961000002
2014-04-28,105510000,1,16448.740234
2014-04-29,71240000,1,16535.369141
2014-04-30,92970000,1,16580.839844
2014-05-01,75630000,0,16558.869141
2014-05-02,78910000,0,16512.890625
2014-05-05,70320000,1,16530.550781
2014-05-06,74340000,0,16401.019531
2014-05-07,93870000,1,16518.539062
2014-05-08,75620000,1,16550.970703
2014-05-09,74980000,1,16583.339844
2014-05-12,71550000,1,16695.470703
2014-05-13,71340000,1,16715.439453
2014-05-14,71970000,0,16613.970703
2014-05-15,106610000,0,16446.810547
2014-05-16,119330000,1,16491.310547
2014-05-19,82180000,1,16511.859375
2014-05-20,75150000,0,16374.30957
2014-05-21,76730000,1,16533.060547
2014-05-22,59250000,1,16543.080078
2014-05-23,61340000,1,16606.269531
2014-05-27,80870000,1,16675.5
2014-05-28,62480000,0,16633.179688
2014-05-29,55500000,1,16698.740234
2014-05-30,105190000,1,16717.169922
2014-06-02,57560000,1,16743.630859
2014-06-03,67830000,0,16722.339844
2014-06-04,65570000,1,16737.529297
2014-06-05,70460000,1,16836.109375
2014-06-06,80530000,1,16924.279297
2014-06-09,67130000,1,16943.099609
2014-06-10,64560000,1,16945.919922
2014-06-11,61860000,0,16843.880859
2014-06-12,72560000,0,16734.189453
2014-06-13,95220000,1,16775.740234
2014-06-16,77900000,1,16781.009766
2014-06-17,63530000,1,16808.490234
2014-06-18,73720000,1,16906.619141
2014-06-19,80220000,1,16921.460938
2014-06-20,247350000,1,16947.080078
2014-06-23,63640000,0,16937.259766
2014-06-24,80220000,0,16818.130859
2014-06-25,73920000,1,16867.509766
2014-06-26,63650000,0,16846.130859
2014-06-27,137690000,1,16851.839844
2014-06-30,90360000,0,16826.599609
2014-07-01,74050000,1,16956.070312
2014-07-02,57840000,1,16976.240234
2014-07-03,66800000,1,17068.259766
2014-07-07,61480000,0,17024.210938
2014-07-08,75250000,0,16906.619141
2014-07-09,67120000,1,16985.609375
2014-07-10,67510000,0,16915.070312
2014-07-11,61000000,1,16943.810547
2014-07-14,60570000,1,17055.419922
2014-07-15,101730000,1,17060.679688
2014-07-16,111500000,1,17138.199219
2014-07-17,99240000,0,16976.810547
2014-07-18,112530000,1,17100.179688
2014-07-21,67590000,0,17051.730469
2014-07-22,77960000,1,17113.539062
2014-07-23,73440000,0,17086.630859
2014-07-24,66390000,0,17083.800781
2014-07-25,67290000,0,16960.570312
2014-07-28,66190000,1,16982.589844
2014-07-29,75980000,0,16912.109375
2014-07-30,77750000,0,16880.359375
2014-07-31,101670000,0,16563.300781
2014-08-01,84860000,0,16493.369141
2014-08-04,76260000,1,16569.279297
2014-08-05,76630000,0,16429.470703
2014-08-06,78600000,1,16443.339844
2014-08-07,80430000,0,16368.269531
2014-08-08,82420000,1,16553.929688
2014-08-11,65560000,1,16569.980469
2014-08-12,62770000,0,16560.539062
2014-08-13,66020000,1,16651.800781
2014-08-14,62370000,1,16713.580078
2014-08-15,109180000,0,16662.910156
2014-08-18,75670000,1,16838.740234
2014-08-19,67220000,1,16919.589844
2014-08-20,61960000,1,16979.130859
2014-08-21,65160000,1,17039.490234
2014-08-22,64330000,0,17001.220703
2014-08-25,57400000,1,17076.869141
2014-08-26,50710000,1,17106.699219
2014-08-27,61690000,1,17122.009766
2014-08-28,51860000,0,17079.570312
2014-08-29,81500000,1,17098.449219
2014-09-02,64820000,0,17067.560547
2014-09-03,62770000,1,17078.279297
2014-09-04,68120000,0,17069.580078
2014-09-05,76630000,1,17137.359375
2014-09-08,65640000,0,17111.419922
2014-09-09,69030000,0,17013.869141
2014-09-10,76780000,1,17068.710938
2014-09-11,63650000,0,17049.0
2014-09-12,82820000,0,16987.509766
2014-09-15,71740000,1,17031.140625
2014-09-16,73200000,1,17131.970703
2014-09-17,87810000,1,17156.849609
2014-09-18,85300000,1,17265.990234
2014-09-19,349620000,1,17279.740234
2014-09-22,74300000,0,17172.679688
2014-09-23,77090000,0,17055.869141
2014-09-24,80530000,1,17210.060547
2014-09-25,93520000,0,16945.800781
2014-09-26,74670000,1,17113.150391
2014-09-29,70220000,0,17071.220703
2014-09-30,102290000,0,17042.900391
2014-10-01,104240000,0,16804.710938
2014-10-02,75490000,0,16801.050781
2014-10-03,87940000,1,17009.689453
2014-10-06,655450000,0,16991.910156
2014-10-07,79420000,0,16719.390625
2014-10-08,106930000,1,16994.220703
2014-10-09,93210000,0,16659.25
2014-10-10,136370000,0,16544.099609
2014-10-13,107830000,0,16321.070312
2014-10-14,110410000,0,16315.19043
2014-10-15,160380000,0,16141.740234
2014-10-16,131670000,0,16117.240234
2014-10-17,137910000,1,16380.410156
2014-10-20,94320000,1,16399.669922
2014-10-21,105110000,1,16614.810547
2014-10-22,92050000,0,16461.320312
2014-10-23,99420000,1,16677.900391
2014-10-24,90400000,1,16805.410156
2014-10-27,72580000,1,16817.939453
2014-10-28,83870000,1,17005.75
2014-10-29,76450000,0,16974.310547
2014-10-30,80180000,1,17195.419922
2014-10-31,121610000,1,17390.519531
2014-11-03,80030000,0,17366.240234
2014-11-04,81390000,1,17383.839844
2014-11-05,76030000,1,17484.529297
2014-11-06,70670000,1,17554.470703
2014-11-07,82860000,1,17573.929688
2014-11-10,71430000,1,17613.740234
2014-11-11,52880000,1,17614.900391
2014-11-12,75980000,0,17612.199219
2014-11-13,80540000,1,17652.789062
2014-11-14,72850000,0,17634.740234
2014-11-17,70330000,1,17647.75
2014-11-18,87420000,1,17687.820312
2014-11-19,73780000,0,17685.730469
2014-11-20,77740000,1,17719.0
2014-11-21,140940000,1,17810.060547
2014-11-24,85510000,1,17817.900391
2014-11-25,88190000,0,17814.939453
2014-11-26,67450000,1,17827.75
2014-11-28,80470000,1,17828.240234
2014-12-01,86390000,0,17776.800781
2014-12-02,81970000,1,17879.550781
2014-12-03,99400000,1,17912.619141
2014-12-04,76270000,0,17900.099609
2014-12-05,79110000,1,17958.789062
2014-12-08,88680000,0,17852.480469
2014-12-09,100400000,0,17801.199219
2014-12-10,115100000,0,17533.150391
2014-12-11,90100000,1,17596.339844
2014-12-12,121950000,0,17280.830078
2014-12-15,114050000,0,17180.839844
2014-12-16,116640000,0,17068.869141
2014-12-17,118220000,1,17356.869141
2014-12-18,123940000,1,17778.150391
2014-12-19,343690000,1,17804.800781
2014-12-22,98460000,1,17959.439453
2014-12-23,82890000,1,18024.169922
2014-12-24,42870000,1,18030.210938
2014-12-26,52570000,1,18053.710938
2014-12-29,53870000,0,18038.230469
2014-12-30,47490000,0,17983.070312
2014-12-31,82840000,0,17823.070312
2015-01-02,76270000,0,17832.990234
2015-01-05,116160000,0,17501.650391
2015-01-06,101870000,0,17371.640625
2015-01-07,91030000,1,17584.519531
2015-01-08,114890000,1,17907.869141
2015-01-09,93390000,1,17737.369141
2015-01-12,92500000,1,17640.839844
2015-01-13,99360000,1,17613.679688
2015-01-14,109180000,0,17427.089844
2015-01-15,94520000,1,17320.710938
2015-01-16,140480000,0,17511.570312
2015-01-20,119600000,0,17515.230469
2015-01-21,95530000,0,17554.279297
2015-01-22,111980000,0,17813.980469
2015-01-23,97110000,1,17672.599609
2015-01-26,87220000,1,17678.699219
2015-01-27,135940000,0,17387.210938
2015-01-28,115980000,1,17191.369141
2015-01-29,111690000,1,17416.849609
2015-01-30,168560000,1,17164.949219
2015-02-02,108090000,1,17361.039062
2015-02-03,112860000,0,17666.400391
2015-02-04,102560000,0,17673.019531
2015-02-05,79890000,1,17884.880859
2015-02-06,93610000,1,17824.289062
2015-02-09,81590000,0,17729.210938
2015-02-10,89930000,0,17868.759766
2015-02-11,89890000,0,17862.140625
2015-02-12,117160000,1,17972.380859
2015-02-13,85230000,1,18019.349609
2015-02-17,98760000,1,18047.580078
2015-02-18,75090000,1,18029.849609
2015-02-19,79130000,0,17985.769531
2015-02-20,111390000,1,18140.439453
2015-02-23,83670000,0,18116.839844
2015-02-24,79310000,0,18209.189453
2015-02-25,80480000,0,18224.570312
2015-02-26,81500000,1,18214.419922
2015-02-27,101110000,1,18132.699219
2015-03-02,89790000,1,18288.630859
2015-03-03,83830000,0,18203.369141
2015-03-04,80900000,0,18096.900391
2015-03-05,75840000,1,18135.720703
2015-03-06,113350000,1,17856.779297
2015-03-09,85820000,0,17995.720703
2015-03-10,120450000,0,17662.939453
2015-03-11,102120000,0,17635.390625
2015-03-12,111550000,1,17895.220703
2015-03-13,113620000,1,17749.310547
2015-03-16,101760000,1,17977.419922
2015-03-17,82560000,1,17849.080078
2015-03-18,130950000,0,18076.189453
2015-03-19,107820000,1,17959.029297
2015-03-20,333870000,0,18127.650391
2015-03-23,98030000,1,18116.039062
2015-03-24,87190000,1,18011.140625
2015-03-25,106560000,0,17718.539062
2015-03-26,117740000,0,17678.230469
2015-03-27,103220000,1,17712.660156
2015-03-30,104040000,0,17976.310547
2015-03-31,119470000,0,17776.119141
2015-04-01,103360000,0,17698.179688
2015-04-02,87370000,1,17763.240234
2015-04-06,100850000,1,17880.849609
2015-04-07,72150000,1,17875.419922
2015-04-08,76820000,0,17902.509766
2015-04-09,86740000,0,17958.730469
2015-04-10,116410000,1,18057.650391
2015-04-13,120090000,0,17977.039062
2015-04-14,82830000,0,18036.699219
2015-04-15,113610000,0,18112.609375
2015-04-16,89520000,0,18105.769531
2015-04-17,138860000,1,17826.300781
2015-04-20,103160000,1,18034.929688
2015-04-21,95180000,0,17949.589844
2015-04-22,91260000,0,18038.269531
2015-04-23,100240000,1,18058.689453
2015-04-24,119130000,1,18080.140625
2015-04-27,121110000,1,18037.970703
2015-04-28,124930000,1,18110.140625
2015-04-29,102080000,0,18035.529297
2015-04-30,129180000,0,17840.519531
2015-05-01,91700000,0,18024.060547
2015-05-04,86010000,0,18070.400391
2015-05-05,95340000,0,17928.199219
2015-05-06,100430000,1,17841.980469
2015-05-07,80920000,0,17924.060547
2015-05-08,94960000,0,18191.109375
2015-05-11,86050000,0,18105.169922
2015-05-12,89270000,1,18068.230469
2015-05-13,85180000,1,18060.490234
2015-05-14,91580000,1,18252.240234
2015-05-15,108220000,1,18272.560547
2015-05-18,79080000,0,18298.880859
2015-05-19,87200000,1,18312.390625
2015-05-20,80190000,1,18285.400391
2015-05-21,84270000,0,18285.740234
2015-05-22,78890000,0,18232.019531
2015-05-26,109440000,1,18041.539062
2015-05-27,96400000,1,18162.990234
2015-05-28,67510000,1,18126.119141
2015-05-29,139810000,0,18010.679688
2015-06-01,85640000,0,18040.369141
2015-06-02,77550000,0,18011.939453
2015-06-03,73120000,1,18076.269531
2015-06-04,93470000,1,17905.580078
2015-06-05,89140000,1,17849.460938
2015-06-08,86300000,1,17766.550781
2015-06-09,90550000,1,17764.039062
2015-06-10,96980000,0,18000.400391
2015-06-11,89490000,1,18039.369141
2015-06-12,83760000,0,17898.839844
2015-06-15,91920000,0,17791.169922
2015-06-16,77510000,1,17904.480469
2015-06-17,92410000,0,17935.740234
2015-06-18,94460000,1,18115.839844
2015-06-19,258300000,1,18015.949219
2015-06-22,77780000,1,18119.779297
2015-06-23,75970000,1,18144.070312
2015-06-24,104980000,1,17966.070312
2015-06-25,78990000,1,17890.359375
2015-06-26,158120000,1,17946.679688
2015-06-29,116340000,0,17596.349609
2015-06-30,126460000,1,17619.509766
2015-07-01,87010000,1,17757.910156
2015-07-02,83080000,0,17730.109375
2015-07-06,90130000,1,17683.580078
2015-07-07,105840000,0,17776.910156
2015-07-08,69830000,1,17515.419922
2015-07-09,100520000,0,17548.619141
2015-07-10,85800000,1,17760.410156
2015-07-13,86380000,1,17977.679688
2015-07-14,76740000,1,18053.580078
2015-07-15,80460000,1,18050.169922
2015-07-16,85030000,1,18120.25
2015-07-17,106510000,1,18086.449219
2015-07-20,75060000,1,18100.410156
2015-07-21,100170000,0,17919.289062
2015-07-22,112370000,0,17851.039062
2015-07-23,88600000,0,17731.919922
2015-07-24,103470000,0,17568.529297
2015-07-27,117860000,1,17440.589844
2015-07-28,103450000,1,17630.269531
2015-07-29,93140000,0,17751.390625
2015-07-30,76650000,0,17745.980469
2015-07-31,106120000,1,17689.859375
2015-08-03,87880000,1,17598.199219
2015-08-04,99060000,0,17550.689453
2015-08-05,102450000,0,17540.470703
2015-08-06,96170000,0,17419.75
2015-08-07,81800000,1,17373.380859
2015-08-10,92430000,1,17615.169922
2015-08-11,103010000,0,17402.839844
2015-08-12,120400000,1,17402.509766
2015-08-13,88550000,0,17408.25
2015-08-14,82120000,1,17477.400391
2015-08-17,73380000,1,17545.179688
2015-08-18,79900000,0,17511.339844
2015-08-19,104720000,0,17348.730469
2015-08-20,128530000,1,16990.689453
2015-08-21,225170000,0,16459.75
2015-08-24,293920000,0,15871.349609
2015-08-25,213220000,1,15666.44043
2015-08-26,208420000,1,16285.509766
2015-08-27,171980000,1,16654.769531
2015-08-28,131790000,0,16643.009766
2015-08-31,141440000,0,16528.029297
2015-09-01,171390000,0,16058.349609
2015-09-02,133480000,0,16351.379883000001
2015-09-03,109730000,0,16374.759766
2015-09-04,127270000,1,16102.379883000001
2015-09-08,123870000,1,16492.679688
2015-09-09,118790000,0,16253.570312
2015-09-10,122690000,0,16330.400391
2015-09-11,104630000,0,16433.089844
2015-09-14,92660000,1,16370.959961000002
2015-09-15,93050000,0,16599.849609
2015-09-16,99620000,1,16739.949219
2015-09-17,129600000,0,16674.740234
2015-09-18,341690000,0,16384.580078
2015-09-21,90730000,1,16510.189453
2015-09-22,119010000,0,16330.469727000002
2015-09-23,86030000,0,16279.889647999998
2015-09-24,122220000,0,16201.320312
2015-09-25,130790000,1,16314.669922
2015-09-28,139930000,1,16001.889647999998
2015-09-29,121160000,1,16049.129883000001
2015-09-30,145740000,1,16284.700195
2015-10-01,111420000,1,16272.009766
2015-10-02,136870000,1,16472.369141
2015-10-05,127660000,0,16776.429688
2015-10-06,120010000,0,16790.189453
2015-10-07,115690000,0,16912.289062
2015-10-08,100730000,1,17050.75
2015-10-09,103730000,0,17084.490234
2015-10-12,72500000,1,17131.859375
2015-10-13,99400000,1,17081.890625
2015-10-14,120110000,1,16924.75
2015-10-15,122960000,1,17141.75
2015-10-16,145880000,1,17215.970703
2015-10-19,118430000,0,17230.539062
2015-10-20,106670000,1,17217.109375
2015-10-21,107100000,1,17168.609375
2015-10-22,152420000,1,17489.160156
2015-10-23,158090000,0,17646.699219
2015-10-26,116660000,0,17623.050781
2015-10-27,113960000,0,17581.429688
2015-10-28,115630000,0,17779.519531
2015-10-29,90300000,0,17755.800781
2015-10-30,149250000,0,17663.539062
2015-11-02,100840000,1,17828.759766
2015-11-03,92290000,1,17918.150391
2015-11-04,99890000,1,17867.580078
2015-11-05,98910000,1,17863.429688
2015-11-06,107450000,0,17910.330078
2015-11-09,121210000,0,17730.480469
2015-11-10,108640000,1,17758.210938
2015-11-11,95230000,1,17702.220703
2015-11-12,113660000,0,17448.070312
2015-11-13,134640000,1,17245.240234
2015-11-16,137590000,1,17483.009766
2015-11-17,167190000,1,17489.5
2015-11-18,106810000,0,17737.160156
2015-11-19,114630000,0,17732.75
2015-11-20,153140000,1,17823.810547
2015-11-23,134680000,1,17792.679688
2015-11-24,127170000,0,17812.189453
2015-11-25,82540000,0,17813.390625
2015-11-27,82540000,0,17813.390625
2015-11-30,155560000,1,17719.919922
2015-12-01,103880000,1,17888.349609
2015-12-02,102860000,1,17729.679688
2015-12-03,126990000,1,17477.669922
2015-12-04,137650000,0,17847.630859
2015-12-07,99670000,1,17730.509766
2015-12-08,113720000,0,17568.0
2015-12-09,122020000,0,17492.300781
2015-12-10,107310000,0,17574.75
2015-12-11,134510000,1,17265.210938
2015-12-14,142540000,1,17368.5
2015-12-15,123430000,1,17524.910156
2015-12-16,123790000,1,17749.089844
2015-12-17,115780000,0,17495.839844
2015-12-18,344560000,1,17128.550781
2015-12-21,114910000,1,17251.619141
2015-12-22,91570000,1,17417.269531
2015-12-23,92820000,1,17602.609375
2015-12-24,40350000,1,17552.169922
2015-12-28,59770000,1,17528.269531
2015-12-29,69860000,0,17720.980469
2015-12-30,59760000,0,17603.869141
2015-12-31,93690000,0,17425.029297
2016-01-04,148060000,0,17148.939453
2016-01-05,105750000,0,17158.660156
2016-01-06,120250000,0,16906.509766
2016-01-07,176240000,1,16514.099609
2016-01-08,141850000,0,16346.450195
2016-01-11,127790000,1,16398.570312
2016-01-12,117480000,1,16516.220703
2016-01-13,153530000,1,16151.410156
2016-01-14,158830000,0,16379.049805
2016-01-15,239210000,0,15988.080078
2016-01-19,144360000,0,16016.019531
2016-01-20,191870000,0,15766.740234
2016-01-21,145140000,0,15882.679688
2016-01-22,145850000,1,16093.509766
2016-01-25,123250000,0,15885.219727000002
2016-01-26,118210000,0,16167.230469
2016-01-27,138350000,0,15944.459961000002
2016-01-28,130120000,0,16069.639647999998
2016-01-29,217940000,1,16466.300781
2016-02-01,114450000,1,16449.179688
2016-02-02,126210000,0,16153.540038999998
2016-02-03,141870000,1,16336.660156
2016-02-04,131490000,1,16416.580078
2016-02-05,139010000,1,16204.969727000002
2016-02-08,165880000,0,16027.049805
2016-02-09,127740000,0,16014.379883000001
2016-02-10,122290000,1,15914.740234
2016-02-11,172070000,1,15660.179688
2016-02-12,132550000,0,15973.839844
2016-02-16,142030000,1,16196.410156
2016-02-17,124080000,1,16453.830078
2016-02-18,104950000,0,16413.429688
2016-02-19,134340000,0,16391.990234
2016-02-22,102240000,0,16620.660156
2016-02-23,98170000,0,16431.779297
2016-02-24,93620000,0,16484.990234
2016-02-25,94120000,0,16697.289062
2016-02-26,98480000,0,16639.970703
2016-02-29,126220000,0,16516.5
2016-03-01,105050000,1,16865.080078
2016-03-02,104470000,1,16899.320312
2016-03-03,91110000,1,16943.900391
2016-03-04,106910000,1,17006.769531
2016-03-07,100290000,1,17073.949219
2016-03-08,108380000,0,16964.099609
2016-03-09,116690000,0,17000.359375
2016-03-10,117570000,1,16995.130859
2016-03-11,123420000,0,17213.310547
2016-03-14,96350000,0,17229.130859
2016-03-15,92830000,0,17251.529297
2016-03-16,118710000,1,17325.759766
2016-03-17,117990000,0,17481.490234
2016-03-18,321230000,1,17602.300781
2016-03-21,84410000,0,17623.869141
2016-03-22,95450000,0,17582.570312
2016-03-23,84240000,1,17502.589844
2016-03-24,84100000,1,17515.730469
2016-03-28,70460000,0,17535.390625
2016-03-29,86160000,0,17633.109375
2016-03-30,79330000,1,17716.660156
2016-03-31,102600000,1,17685.089844
2016-04-01,104890000,0,17792.75
2016-04-04,85230000,0,17737.0
2016-04-05,115230000,0,17603.320312
2016-04-06,99410000,1,17716.050781
2016-04-07,90120000,0,17541.960938
2016-04-08,79990000,1,17576.960938
2016-04-11,107100000,1,17556.410156
2016-04-12,81020000,1,17721.25
2016-04-13,91710000,0,17908.279297
2016-04-14,84510000,1,17926.429688
2016-04-15,118160000,1,17897.460938
2016-04-18,89390000,0,18004.160156
2016-04-19,89820000,0,18053.599609
2016-04-20,100210000,0,18096.269531
2016-04-21,102720000,1,17982.519531
2016-04-22,134120000,1,18003.75
2016-04-25,83770000,1,17977.240234
2016-04-26,92570000,1,17990.320312
2016-04-27,109090000,1,18041.550781
2016-04-28,100920000,0,17830.759766
2016-04-29,136670000,0,17773.640625
2016-05-02,80100000,0,17891.160156
2016-05-03,97060000,1,17750.910156
2016-05-04,95020000,0,17651.259766
2016-05-05,81530000,1,17660.710938
2016-05-06,80020000,1,17740.630859
2016-05-09,85590000,1,17705.910156
2016-05-10,75790000,1,17928.349609
2016-05-11,87390000,0,17711.119141
2016-05-12,88560000,1,17720.5
2016-05-13,86640000,1,17535.320312
2016-05-16,88440000,1,17710.710938
2016-05-17,103260000,0,17529.980469
2016-05-18,79120000,0,17526.619141
2016-05-19,95530000,0,17435.400391
2016-05-20,111990000,1,17500.939453
2016-05-23,87790000,0,17492.929688
2016-05-24,86480000,1,17706.050781
2016-05-25,79180000,0,17851.509766
2016-05-26,68940000,0,17828.289062
2016-05-27,73190000,1,17873.220703
2016-05-31,147390000,0,17787.199219
2016-06-01,78530000,1,17789.669922
2016-06-02,75560000,0,17838.560547
2016-06-03,82270000,1,17807.060547
2016-06-06,71870000,1,17920.330078
2016-06-07,78750000,1,17938.279297
2016-06-08,71260000,0,18005.050781
2016-06-09,69690000,0,17985.189453
2016-06-10,90540000,1,17865.339844
2016-06-13,101690000,0,17732.480469
2016-06-14,93740000,0,17674.820312
2016-06-15,94130000,0,17640.169922
2016-06-16,91950000,1,17733.099609
2016-06-17,248680000,0,17675.160156
2016-06-20,99380000,0,17804.869141
2016-06-21,85130000,0,17829.730469
2016-06-22,89440000,1,17780.830078
2016-06-23,98070000,0,18011.070312
2016-06-24,239000000,1,17400.75
2016-06-27,138740000,1,17140.240234
2016-06-28,112190000,1,17409.720703
2016-06-29,106380000,1,17694.679688
2016-06-30,133030000,1,17929.990234
2016-07-01,82160000,0,17949.369141
